[
  {
    "value": "КН",
    "synonyms": [
      "КН"
    ]
  },
  {
    "value": "СГТ",
    "synonyms": [
      "СГТ"
    ]
  },
  {
    "value": "Інфіз",
    "synonyms": [
      "Інфіз"
    ]
  },
  {
    "value": "БЕМ",
    "synonyms": [
      "БЕМ"
    ]
  },
  {
    "value": "ХТ",
    "synonyms": [
      "ХТ"
    ]
  },
  {
    "value": "КІТ",
    "synonyms": [
      "КІТ"
    ]
  },
  {
    "value": "ІЕЕЕ",
    "synonyms": [
      "ІЕЕЕ"
    ]
  },
  {
    "value": "МІТ",
    "synonyms": [
      "МІТ"
    ]
  }
]